Model,Column Shapes Score,Column Pair Trends Score,Overall Score
CTGAN,0.7770829668894448,0.7962654464231379,0.7866742066562913
CopulaGAN,0.7021411373487757,0.7515797067129306,0.7268604220308532
GaussianCopula,0.8937969939928122,0.8842951093126817,0.889046051652747
TVAE,0.8298732261969415,0.8516677166550954,0.8407704714260185
