Model,Column Shapes Score,Column Pair Trends Score,Overall Score
CTGAN,0.7967061305883677,0.791009547770428,0.7938578391793978
CopulaGAN,0.7443400019419631,0.7728824594660357,0.7586112307039994
GaussianCopula,0.8937969939928122,0.8842951093126817,0.889046051652747
TVAE,0.8209825596129796,0.8718450747471786,0.8464138171800791
